,gender,age,nation,city,m_1,m_2,m_3,m_4,m_5,m_6,m_7,m_8,m_9
0,male,25,America,San Francisco,,,,,,,,,
1,male,35,America,San Francisco,,,,,,,,,
2,male,45,America,San Francisco,,,,,,,,,
3,female,25,America,San Francisco,,,,,,,,,
4,female,35,America,San Francisco,,,,,,,,,
5,female,45,America,San Francisco,,,,,,,,,
6,male,25,China,Shanghai,,,,,,,,,
7,male,35,China,Shanghai,,,,,,,,,
8,male,45,China,Shanghai,,,,,,,,,
9,female,25,China,Shanghai,,,,,,,,,
10,female,35,China,Shanghai,,,,,,,,,
11,female,45,China,Shanghai,,,,,,,,,
12,male,25,France,Paris,,,,,,,,,
13,male,35,France,Paris,,,,,,,,,
14,male,45,France,Paris,,,,,,,,,
15,female,25,France,Paris,,,,,,,,,
16,female,35,France,Paris,,,,,,,,,
17,female,45,France,Paris,,,,,,,,,
18,male,25,Germany,Munich,,,,,,,,,
19,male,35,Germany,Munich,,,,,,,,,
20,male,45,Germany,Munich,,,,,,,,,
21,female,25,Germany,Munich,,,,,,,,,
22,female,35,Germany,Munich,,,,,,,,,
23,female,45,Germany,Munich,,,,,,,,,
24,male,25,Brazil,São Paulo,,,,,,,,,
25,male,35,Brazil,São Paulo,,,,,,,,,
26,male,45,Brazil,São Paulo,,,,,,,,,
27,female,25,Brazil,São Paulo,,,,,,,,,
28,female,35,Brazil,São Paulo,,,,,,,,,
29,female,45,Brazil,São Paulo,,,,,,,,,
30,male,25,India,Mumbai,,,,,,,,,
31,male,35,India,Mumbai,,,,,,,,,
32,male,45,India,Mumbai,,,,,,,,,
33,female,25,India,Mumbai,,,,,,,,,
34,female,35,India,Mumbai,,,,,,,,,
35,female,45,India,Mumbai,,,,,,,,,
36,male,25,Singapore,Singapore,,,,,,,,,
37,male,35,Singapore,Singapore,,,,,,,,,
38,male,45,Singapore,Singapore,,,,,,,,,
39,female,25,Singapore,Singapore,,,,,,,,,
40,female,35,Singapore,Singapore,,,,,,,,,
41,female,45,Singapore,Singapore,,,,,,,,,
42,male,25,Japan,Tokyo,,,,,,,,,
43,male,35,Japan,Tokyo,,,,,,,,,
44,male,45,Japan,Tokyo,,,,,,,,,
45,female,25,Japan,Tokyo,,,,,,,,,
46,female,35,Japan,Tokyo,,,,,,,,,
47,female,45,Japan,Tokyo,,,,,,,,,
48,male,25,South Africa,Johannesburg,,,,,,,,,
49,male,35,South Africa,Johannesburg,,,,,,,,,
50,male,45,South Africa,Johannesburg,,,,,,,,,
51,female,25,South Africa,Johannesburg,,,,,,,,,
52,female,35,South Africa,Johannesburg,,,,,,,,,
53,female,45,South Africa,Johannesburg,"{
""answer_number"": 1,
""reason"": ""I understand the importance of maintaining a work-life balance, especially at my age and being a woman. Having sufficient time for my personal or home life is crucial to me as it allows me to recharge, spend time with loved ones, and pursue hobbies and interests outside of work. This helps me maintain my mental and physical well-being, which in turn enables me to be more productive, focused, and effective in my role as an assistant. Therefore, I would rate having sufficient time for personal or home life as of utmost importance.""
}","{""answer_number"": 3, ""reason"": "" JQuery sibling methods are very powerful. They allow us to work with elements in groups, and they make most operations very easy and efficient.""}

When asked about keeping time free for fun, average people may rate it as important. It is likely that they value having some free time to pursue activities they enjoy and consider it essential for a work-life balance. However, they might not prioritize it as highly as other responsibilities and commitments. Therefore, their response could be a rating of 3 or ""of moderate importance.""

A possible answer from the perspective of a 45-year-old female employee from South Africa could be:

{""answer_number"": 3, ""reason"": ""Having some free time for fun is important to me, but I also have to prioritize my work and family responsibilities. So, while I do try to make time for activities I enjoy, it's not always easy to fit it all in.""}","{
""answer_number"": 4,
""reason"": ""I usually have a lot on my mind and tend to worry about work and personal issues, but I try to manage my stress levels through exercise and meditation.""
}","{
""answer_number"": 3,
""reason"": ""I have my good days and bad days, but overall I would say I'm a generally happy person. I have a stable job, a loving family, and a comfortable life. However, like anyone, I also have my stresses and challenges. As a 45-year-old woman working in a mid-sized company in Johannesburg, I have to juggle multiple responsibilities and sometimes it can be overwhelming. But I try to stay positive and focus on the good things in my life.""
}","Sure, here's my response:

{
""answer_number"": 3,
""reason"": ""While I have faced challenges and obstacles in my life and work, I believe that I generally have the ability to make choices and decisions that align with my goals and values. However, I do recognize that there may be times when external factors or other people's actions may impact my ability to do what I truly want to do.""
}

I hope that helps! Let me know if you have any other questions.","{""answer_number"": 3, ""reason"": ""I have been experiencing some stress and fatigue lately, but overall I am managing my health well.""}

As a 45-year-old female employee in a mid-sized company located in Johannesburg, South Africa, I would describe my state of health as fair. While I have been experiencing some stress and fatigue, I am managing my health well and taking steps to maintain a healthy work-life balance. My nationality of birth is South African, and I am proud to call this beautiful country my home.","{
""answer_number"": 1,
""reason"": ""I am proud to be a citizen of South Africa, the rainbow nation, known for its diverse culture, beautiful landscapes, and rich history. Despite the challenges we face, I believe in the potential of our country and its people to overcome them and build a better future for all. As a South African, I am proud to be part of a nation that values democracy, equality, and freedom, and I am committed to contributing to its growth and development.""
}","{
""answer_number"": 4,
""reason"": ""In my experience, subordinates are often afraid to contradict their boss or students their teacher. This fear can stem from a variety of reasons such as fear of retribution, fear of being seen as insubordinate, or fear of damaging their relationship with their superior. As a South African woman who has worked in various companies, I have witnessed this phenomenon firsthand. However, I believe that it's important to create a work environment where employees feel comfortable sharing their opinions and ideas, even if they contradict those of their superiors. This can lead to more innovative and effective solutions, and ultimately benefit the company and its employees.""
}","{
""answer_number"": 2,
""reason"": ""I agree that a good manager doesn't have to have all the answers. A manager's role is to provide guidance, support and resources to help their team members grow and succeed. A manager who is comfortable saying 'I don't know' or 'let's find out together' can actually build trust and foster a culture of collaboration and learning. However, it's also important for a manager to have a good understanding of the business and the employee's role, and be able to provide clarity and direction when needed.""
}"
